VIDEO_PLANB;58cfdf9acffb0c61feb0e2bceacd557a2e0b0328;RVOMF
8xx_WDT;eaa95eb6ea43e6de8bea702c13556de9a1a1195a;RVOMF
COBALT_LCD;18b095d4b847bb08bf8a1bace7711a93d27732c0;RVOMF
MTD_NOR_TOTO;16e00b609aed439453d57b954b449f647466e0d7;RVOMF
ACPI_BAY;4be9309d15e88e4a1e4a78deb52eb88c7da38c99;RVOMF
BLK_DEV_HPT34X;41d1a3d31d097a31380b83eea0ec10ea1d040376;RVOMF
SGI_DS1286;4bdebe5b4a7216bd6bfca9e9b368abad8e9f9bd9;RVOMF
SND_SA11XX_UDA1341;323a59613e5be6094c93261486de48a08d3a53f2;RVOMF
COMEDI_RT;25436dc9d84f1be60ff549c9ab712bba2835f284;RVOMF
MTD_PMC_MSP_RAMROOT;4d964824ec826ed97bdde10bc8d8c4ce10540a98;RVOMF
ME0600;a8fcffbde4cedf319f7009cec21baddf9422685e;RVOMF
ANDROID_LOW_MEMORY_KILLER;b0a0ccfad85b3657fe999805df65f5cfe634ab8a;RVOMF
ANDROID_TIMED_OUTPUT;b0a0ccfad85b3657fe999805df65f5cfe634ab8a;RVOMF
SOUND_SSCAPE;b7d5d946e50116f4150542f881ac90ac74c28165;RVOMF
I2C_VOODOO3;a0c11cdd6a1975fd8d6d186f2e2865a82f3e9bbf;RVOMF
KSYM_TRACER;5d550467b9770042e9699690907babc32104a8d4;RVOMF
VMI;9863c90f682fba34cdc26c3437e8c00da6c83fa4;RVOMF
USB_IBMCAM;5772dcaa790851ec068afcd0d1f160d801b1126e;RVOMF
VIDEO_CPIA_USB;39c3d488452ae206cfc8afda0db041ee55d01c3c;RVOMF
VIDEO_V4L1_COMPAT;08af245de0cf6ab5f4ed008ee2bb99273774fce0;RVOMF
ASK_IP_FIB_HASH;3630b7c050d9c3564f143d595339fc06b888d6f3;RVOMF
ST_BT;b75ae07963f99f89319b17935af20513d57df577;RVOMF
S390_TAPE_BLOCK;66ceed5ad1318863c21710f316942bcefff8081c;RVOMF
USB_SERIAL_SAMBA;b750106bafbf9e8cb888a2b3681f444d8183a296;RVOMF
SND_OMAP_SOC_OMAP2EVM;91d94af56a52ffc059523fdad71287232c040697;RVOMF
SPECTRA_MTD;be7f39c5ecf51d1becb699563e9ac2447f7bcdcd;RVOMF
AGNX;7d230df37a7c08f01e57e1623e0706b3949751a2;RVOGMF
RDC_17F3101X;249c033c29ed4eccd24b52959747f2663deaa02f;RVOGMF
STLC45XX;9ab1b56aa02aa4d578232a8addc785c91e7b2bac;RVOGMF
SXG;e9d599220b97e7d52311f6011c75ba0cfcb356fe;RVOGMF
DT3155;8c310573fe4fdaedd8963890b2da39f39c01ab34;RVOGMF
AUTOFS_FS;561c5cf9236a7eb5a52971b6e7e02c5bd094c6d5;RVOGMF
DRM_I830;7f50684717511d30bba180902105c4cd4efca732;RVOGMF
SMB_FS;939cbe5af5fb04de1a53942a8c4a6e0160f4f38b;RVOGMF
USB_SE401;b287db119edb92548b53f63f05fd593c43cba200;RVOGMF
RIO;bb2a97e9ccd525dd9c3326988e8c676d15d3e12a;RVOGMF
SND_INTEL_SST;03cf152646ac177c56e3100732143e92278b0630;RVOGMF
SND_AT91_SOC_ETI_SLAVE;5cabc1a8b3acc4babd69f2c91a6ab4468dac6663;RVONMF
UGETH_FILTERING;221b3d60cbb2740ec7d46a4f1ea6d3318a112e51;RVONMF
COMPAT_NET_DEV_OPS;e3804cbebb67887879102925961d41b503f7fbe3;RVONMF
FB_OMAP2_FORCE_AUTO_UPDATE;ddbfeb396eb085e17f5aa830a151d546f16cb868;RVONMF
IEEE1394_SBP2_PHYS_DMA;66fa12c571d35e3cd62574c65f1785a460105397;RVONMF
FB_ARMCLCD_HITACHI;82e6923e1862428b755ec306b3dbccf926849314;RVONMF
FB_ARMCLCD_SHARP_LQ057Q3DC02;82e6923e1862428b755ec306b3dbccf926849314;RVONMF
FB_ARMCLCD_SHARP_LQ64D343;82e6923e1862428b755ec306b3dbccf926849314;RVONMF
AR600x_SD32_XXX;af2bf4b4ee58d262a9a5c1d4ce6f81835058f8b5;RVONMF
FB_OMAP_092M9R;028c5a432aec0eb8cbb65b2ea05cd1ddd27c47a4;RVONMF
VIDEO_ALLOW_V4L1;58c66df3e38ffb1d59cc5162bb9e07c859288034;RVOAF
FB_MSM_PANEL_NONE;8eb26942ae6eea7976273e554ab7c4fb2a128e17;RVOAF
AD2S1210_GPIO_NONE;b19e9ad5e2cb9145c81690cec7c826b156d5b3c1;RVOAF
NETDEV_10000;f860b0522f65d3a0f8e6a4d908933737e1a82817;RVOAF
IBM_EMAC_RX_COPY_THRESHOLD;84aee4889ee843f4cde1c3fb1acfd116733660ef;RVMVF
TIPC_CLUSTERS;8f92df6ad49da958d97e171762d0a97a3dc738f1;RVMVF
AR600x_DEBUG_UART_TX_PIN;af2bf4b4ee58d262a9a5c1d4ce6f81835058f8b5;RVMVF
SND_S3C64XX_SOC_I2S;03e6a88897f923ae2608569e66afba4766e1abf7;RIMF
USB_LH7A40X;82e6923e1862428b755ec306b3dbccf926849314;RIMF
FB_MSM_TVOUT;8eb26942ae6eea7976273e554ab7c4fb2a128e17;RIMF
X86_GOOD_APIC;593f4a788e5d09e9f00182561437461b0b564de4;RCINMF
HAVE_ARCH_PARSE_SRAT;698839fe04ae11f228074ad45614343c3921a6c6;RCINMF
AR9170_LEDS;b0006e69615868f3dfdfe2bd64eb11973f1208fc;RCINMF
BATTERY_PALMTX;4e9687d9c843dc34d368358a36f5f1610e4fbab3;MVOFNO
SND_SOC_SAMPLE_PSC_AC97;05ae3231801df8fdb4e1c0aa4aa6b8d7278eddde;MVOFNO
INPUT_WINBOND_CIR;5b2e303f6df1e0b1a903950c5d613a20c8c71a37;MVOFNO
FB_IMAC;7c08c9ae0c145807c0dae4a55f240fa3d4fd5262;MVOFS
SND_DT019X;14ff3e78304e3f7fe18f950c3aa0686e6800b3fb;MVOFS
HID_QUANTA;5e7ea11f603a0aeb77fd1bff0b242931ffe139de;MVOFS
IBM_NEW_EMAC_RX_SKB_HEADROOM;9aa3283595451ca093500ff0977b106e1f465586;RENAME
AT24;dd7f8dbe2b3c0611ba969cd867c10cb63d163e25;RENAME
IEEE80211_CRYPT_CCMP;274bfb8dc5ffa16cb073801bebe76ab7f4e2e73d;RENAME
USB_SERIAL_CP2101;03ee251546a9360cbb4c27c250d128dcbcfd9931;RENAME
ORION5X_WATCHDOG;3b937a7dbddbedd9457b33fcc8fa369c0c229c6e;RENAME
RAMZSWAP;16a4bfb9e9dfefbd28ee170fa3e259bc88d81eb5;RENAME
SQUASHFS_XATTRS;637d5c9a36bcb2b101401d52191ff3c7580f9068;RENAME
SND_S3C24XX_SOC_SIMTEC_HERMES;a964f34d8b516633d471191156963bae0d1bf730;RENAME
IR_CORE;6bda96447cef24fbf97a798b1ea664224d5fdc25;RENAME
WL1271;00d201001bd4e8a46e3d03c970abcb72256c368b;RENAME
BACKLIGHT_MBP_NVIDIA;23a9847f0d5252872c4fecb5d4f803c523bd9283;RENAME
USB_GADGET_CI13XXX_PCI;193ab2a6070039e7ee2b9b9bebea754a7c52fd1b;RENAME
USB_GADGET_DUMMY_HCD;193ab2a6070039e7ee2b9b9bebea754a7c52fd1b;RENAME
USB_GADGET_LANGWELL;193ab2a6070039e7ee2b9b9bebea754a7c52fd1b;RENAME
USB_GADGET_S3C2410;193ab2a6070039e7ee2b9b9bebea754a7c52fd1b;RENAME
GPIO_BASIC_MMIO_CORE;c103de240439dfee24ac50eb99c8be3a30d13323;RENAME
IBM_NEW_EMAC_MAL_CLR_ICINTSTAT;9aa3283595451ca093500ff0977b106e1f465586;RENAME
IBM_NEW_EMAC_NO_FLOW_CTRL;9aa3283595451ca093500ff0977b106e1f465586;RENAME
IBM_NEW_EMAC_RXB;9aa3283595451ca093500ff0977b106e1f465586;RENAME
DMAR_BROKEN_GFX_WA;d3f138106b4b40640dc667f0222fd9f137387b32;RENAME
PINMUX_SIRF;3bece55aa5356af0171aaa64fd9c4f7601c47f1c;RENAME
SND_SOC_SPEYSIDE_WM8962;6414261f0a2af00c6ffc80f847e9202344360bb4;RENAME
IWLWIFI_LEGACY_DEBUG;d31751679897441d89e6ae59da98f1424b3f7dfe;RENAME